{"cameraMode":{"drawMode":0,"name":"Shaded","section":"Shading Mode"},"sceneLighting":true,"audioPlay":false,"sceneViewState":{"showFog":true,"showMaterialUpdate":false,"showSkybox":true,"showFlares":true,"showImageEffects":true,"showParticleSystems":true},"in2DMode":false,"pivot":{"x":2.687464475631714,"y":0.366441011428833,"z":5.807596206665039},"rotation":{"x":-0.03274210914969444,"y":-0.7137190103530884,"z":0.03342834487557411,"w":-0.698879063129425},"size":9.470887184143067,"orthographic":false}