{"count":1,"gauges":{"robotBehavior.CumulativeReward":{"count":12,"max":1,"min":-1,"value":1,"weightedAverage":0.414600372}},"self":183.9905664,"total":186.1352085,"children":{"AgentSendState":{"count":9276,"self":0.0784913,"total":0.0824613,"children":{"CollectObservations":{"count":928,"self":0.0029717999999999997,"total":0.0029717999999999997,"children":null},"CollectDiscreteActionMasks":{"count":928,"self":0.00099819999999999987,"total":0.00099819999999999987,"children":null}}},"DecideAction":{"count":9276,"self":1.9854125999999999,"total":1.9854125999999999,"children":null},"AgentAct":{"count":9276,"self":0.0757442,"total":0.0757442,"children":null}}}